{"stats":{"minecraft:killed_by":{"minecraft:pillager":1},"minecraft:custom":{"minecraft:open_barrel":1,"minecraft:time_since_rest":17604,"minecraft:waystone_activated":1,"lootr:looted_stat":6,"minecraft:crouch_one_cm":838,"minecraft:walk_one_cm":61236,"minecraft:sprint_one_cm":50311,"minecraft:play_time":42088,"minecraft:damage_taken":499,"minecraft:deaths":2,"minecraft:sneak_time":701,"minecraft:walk_under_water_one_cm":3429,"minecraft:drop":4,"minecraft:jump":534,"minecraft:damage_dealt":154,"minecraft:leave_game":2,"minecraft:walk_on_water_one_cm":1868,"minecraft:time_since_death":18167,"minecraft:total_world_time":42088,"minecraft:swim_one_cm":15439,"minecraft:fall_one_cm":10869,"minecraft:fly_one_cm":465452},"minecraft:mined":{"minecraft:grass":24,"biomesoplenty:high_grass":6,"biomesoplenty:high_grass_plant":8,"minecraft:tall_grass":1,"biomesoplenty:pink_daffodil":1,"biomesoplenty:spider_egg":2},"minecraft:dropped":{"minecraft:wheat_seeds":3,"tombstone:grave_key":1},"minecraft:used":{"biomesoplenty:spider_egg":11,"irons_spellbooks:archevoker_spawn_egg":1,"biomesoplenty:pink_daffodil":1,"minecraft:goat_horn":9,"sereneseasons:season_sensor":1,"tombstone:gift":2,"minecraft:leather_helmet":1},"minecraft:picked_up":{"minecraft:wheat_seeds":3,"minecraft:ink_sac":1,"biomesoplenty:pink_daffodil":1}},"DataVersion":3465}