{"stats":{"minecraft:killed":{"minecraft:skeleton":1},"minecraft:custom":{"minecraft:time_since_rest":6806,"tombstone:undead_killed":1,"minecraft:waystone_activated":1,"minecraft:crouch_one_cm":94,"minecraft:play_time":21555,"lootr:looted_stat":10,"minecraft:sprint_one_cm":20670,"minecraft:walk_one_cm":36842,"minecraft:damage_taken":234,"minecraft:sneak_time":249,"minecraft:walk_under_water_one_cm":4962,"minecraft:mob_kills":1,"minecraft:drop":3,"minecraft:damage_dealt_resisted":340,"minecraft:aviate_one_cm":37605,"minecraft:jump":83,"minecraft:damage_dealt":2329,"minecraft:leave_game":2,"minecraft:time_since_death":21555,"minecraft:walk_on_water_one_cm":2624,"minecraft:sleep_in_bed":1,"minecraft:total_world_time":21555,"minecraft:fall_one_cm":1459,"minecraft:fly_one_cm":282806},"minecraft:dropped":{"minecraft:stone":1,"thaumia:air_stone":1,"minecraft:netherite_sword":1},"minecraft:used":{"minecraft:netherite_sword":38,"biomesoplenty:spider_egg":1,"minecraft:goat_horn":5},"minecraft:picked_up":{"minecraft:arrow":1,"magistuarmory:rustedchainmail_boots":1,"minecraft:bone":2,"minecraft:leather_leggings":1,"minecraft:netherite_sword":1}},"DataVersion":3465}