{"stats":{"minecraft:picked_up":{"minecraft:spruce_sapling":1,"minecraft:dirt":2},"minecraft:custom":{"minecraft:jump":42,"minecraft:time_since_rest":1529,"minecraft:leave_game":1,"minecraft:sprint_one_cm":9818,"minecraft:play_time":1529,"minecraft:damage_taken":20,"minecraft:time_since_death":1529,"minecraft:walk_one_cm":2937,"minecraft:total_world_time":1529,"minecraft:fall_one_cm":1089,"minecraft:fly_one_cm":7114},"minecraft:used":{"minecraft:dirt":2,"minecraft:spruce_sapling":1},"minecraft:mined":{"minecraft:grass":1,"minecraft:grass_block":2,"minecraft:spruce_leaves":1,"minecraft:fern":1}},"DataVersion":3465}