{"stats":{"minecraft:picked_up":{"minecraft:dirt":1},"minecraft:custom":{"minecraft:jump":49,"minecraft:time_since_rest":2497,"minecraft:leave_game":1,"minecraft:damage_dealt":98,"minecraft:walk_on_water_one_cm":365,"minecraft:crouch_one_cm":143,"minecraft:sprint_one_cm":8589,"minecraft:play_time":2497,"minecraft:damage_taken":20,"minecraft:time_since_death":2497,"minecraft:walk_one_cm":4715,"minecraft:sneak_time":13,"minecraft:total_world_time":2497,"minecraft:walk_under_water_one_cm":194,"minecraft:swim_one_cm":1110,"minecraft:fall_one_cm":2005,"minecraft:fly_one_cm":9106},"minecraft:used":{"minecraft:dirt":1},"minecraft:mined":{"minecraft:grass_block":2,"minecraft:dirt":2}},"DataVersion":3465}