{"stats":{"minecraft:mined":{"minecraft:grass_block":2,"minecraft:dirt":2},"minecraft:used":{"minecraft:dirt":1},"minecraft:picked_up":{"minecraft:dirt":1},"minecraft:custom":{"minecraft:jump":54,"minecraft:time_since_rest":4519,"minecraft:damage_dealt":98,"minecraft:damage_taken":20,"minecraft:leave_game":2,"minecraft:crouch_one_cm":176,"minecraft:play_time":4519,"minecraft:sprint_one_cm":8589,"minecraft:time_since_death":4519,"minecraft:walk_on_water_one_cm":365,"minecraft:walk_one_cm":5153,"minecraft:sneak_time":80,"minecraft:total_world_time":4519,"minecraft:walk_under_water_one_cm":194,"minecraft:swim_one_cm":1110,"minecraft:fall_one_cm":2005,"minecraft:fly_one_cm":17058}},"DataVersion":3465}