{"stats":{"minecraft:picked_up":{"minecraft:dirt":1},"minecraft:custom":{"minecraft:jump":85,"minecraft:time_since_rest":9625,"minecraft:damage_dealt":98,"minecraft:damage_taken":20,"minecraft:leave_game":3,"minecraft:crouch_one_cm":517,"minecraft:play_time":9625,"minecraft:sprint_one_cm":12023,"minecraft:time_since_death":9625,"minecraft:walk_on_water_one_cm":13298,"minecraft:walk_one_cm":9284,"minecraft:sneak_time":450,"minecraft:total_world_time":9625,"minecraft:walk_under_water_one_cm":6673,"minecraft:swim_one_cm":1110,"minecraft:fall_one_cm":2005,"minecraft:fly_one_cm":134291},"minecraft:mined":{"minecraft:grass_block":2,"minecraft:dirt":2},"minecraft:used":{"minecraft:dirt":1,"minecraft:grass_block":23}},"DataVersion":3465}